Network,Target,Controllers,Errors,Minutes
./input/networks/large/19524598.bnet,CARP,[],NA,0.22011
./input/networks/large/19524598.bnet,!CARP,[],NA,0.2176
./input/networks/large/19524598.bnet,C8a,[],NA,0.20405
./input/networks/large/19524598.bnet,!C8a,[],NA,0.22241
./input/networks/large/19524598.bnet,T2,[],NA,0.21986
./input/networks/large/19524598.bnet,!T2,[['!TNF']],[0.0],0.21966
./input/networks/large/19524598.bnet,NFkB,[],NA,0.20903
./input/networks/large/19524598.bnet,!NFkB,[['!TNF']],[0.0],0.20195
./input/networks/large/21639591.bnet,HOMER,"[['!PIP2'], ['!Serotonin']]","[0.0, 0.0]",0.44683
./input/networks/large/21639591.bnet,!HOMER,[],NA,0.44583
./input/networks/large/21639591.bnet,ATP_cyt,"[['!PIP2'], ['!Serotonin']]","[0.0, 0.0]",0.41155
./input/networks/large/21639591.bnet,!ATP_cyt,[],NA,0.44326
./input/networks/large/21639591.bnet,CaBP1,[['0']],NA,0.0107
./input/networks/large/21639591.bnet,!CaBP1,[['1']],[0.0],0.00814
./input/networks/large/21639591.bnet,DAG,[],NA,0.42978
./input/networks/large/21639591.bnet,!DAG,"[['!PIP2'], ['!Serotonin']]","[0.0, 0.0]",0.42378
./input/networks/large/23169817_high_dna_damage.bnet,pten,[],NA,0.70933
./input/networks/large/23169817_high_dna_damage.bnet,!pten,[],NA,0.89643
./input/networks/large/23169817_high_dna_damage.bnet,arf,[],NA,0.89684
./input/networks/large/23169817_high_dna_damage.bnet,!arf,[],NA,0.8922
./input/networks/large/23169817_high_dna_damage.bnet,bcl2,[],NA,0.33185
./input/networks/large/23169817_high_dna_damage.bnet,!bcl2,[],NA,0.31124
./input/networks/large/23169817_high_dna_damage.bnet,e2f1,[],NA,0.31067
./input/networks/large/23169817_high_dna_damage.bnet,!e2f1,[],NA,0.3104
./input/networks/large/23658556_model_10.bnet,IAA5,"[['PHB'], ['!Auxin']]","[0.0, 0.0]",0.24399
./input/networks/large/23658556_model_10.bnet,!IAA5,[],NA,0.26259
./input/networks/large/23658556_model_10.bnet,ACR,[],NA,0.2714
./input/networks/large/23658556_model_10.bnet,!ACR,"[['PHB'], ['!Auxin']]","[0.0, 0.0]",0.25013
./input/networks/large/23658556_model_10.bnet,JKD,[],NA,0.26658
./input/networks/large/23658556_model_10.bnet,!JKD,[],NA,0.2716
./input/networks/large/23658556_model_10.bnet,Auxin,[],NA,0.23637
./input/networks/large/23658556_model_10.bnet,!Auxin,"[['PHB'], ['!Auxin']]","[0.0, 0.0]",0.24939
./input/networks/large/23935937.bnet,CMYC,[],NA,1.25933
./input/networks/large/23935937.bnet,!CMYC,"[['!NUC_STK36'], ['!DYRK1'], ['NUC_SUFU'], ['NUMB'], ['ITCH']]","[0.0, 0.0, 0.0, 0.0, 0.0]",1.20607
./input/networks/large/23935937.bnet,EMT,[],NA,1.20054
./input/networks/large/23935937.bnet,!EMT,"[['!NUC_STK36'], ['!DYRK1'], ['NUC_SUFU'], ['NUMB'], ['ITCH']]","[0.0, 0.0, 0.0, 0.0, 0.0]",1.22942
./input/networks/large/23935937.bnet,NOTCH_SIGNAL,[],NA,1.23442
./input/networks/large/23935937.bnet,!NOTCH_SIGNAL,"[['!NUC_STK36'], ['!DYRK1'], ['NUC_SUFU'], ['NUMB'], ['ITCH']]","[0.0, 0.0, 0.0, 0.0, 0.0]",1.18427
./input/networks/large/23935937.bnet,WNT_SIGNAL,[['0']],NA,0.0105
./input/networks/large/23935937.bnet,!WNT_SIGNAL,[['1']],[0.0],0.00882
./input/networks/large/25063553_OR_OR.bnet,pfk2,[],NA,0.99315
./input/networks/large/25063553_OR_OR.bnet,!pfk2,"[['!x5p'], ['gcg']]","[0.0, 0.0]",0.94948
./input/networks/large/25063553_OR_OR.bnet,lgk,[],NA,0.99178
./input/networks/large/25063553_OR_OR.bnet,!lgk,[],NA,0.95085
./input/networks/large/25063553_OR_OR.bnet,pepck_c,[],NA,0.95717
./input/networks/large/25063553_OR_OR.bnet,!pepck_c,[],NA,1.04728
./input/networks/large/25063553_OR_OR.bnet,fbp2,[],NA,0.99137
./input/networks/large/25063553_OR_OR.bnet,!fbp2,"[['x5p'], ['!gcg']]","[0.0, 0.0]",1.05068
./input/networks/large/25189528.bnet,NOTCH,[['1']],[0.0],0.00852
./input/networks/large/25189528.bnet,!NOTCH,[['0']],NA,0.00869
./input/networks/large/25189528.bnet,cMet,[['1']],[0.0],0.00888
./input/networks/large/25189528.bnet,!cMet,[['0']],NA,0.00948
./input/networks/large/25189528.bnet,EGFR,[['EGF']],[0.0],1.25405
./input/networks/large/25189528.bnet,!EGFR,[['!EGF']],[0.0],1.29125
./input/networks/large/25189528.bnet,SNAI2,[['1']],[0.0],0.0096
./input/networks/large/25189528.bnet,!SNAI2,[['0']],NA,0.01054
./input/networks/large/25780058.bnet,ROCK,[],NA,0.65349
./input/networks/large/25780058.bnet,!ROCK,[],NA,0.65676
./input/networks/large/25780058.bnet,PTP_EGFR,[],NA,0.66947
./input/networks/large/25780058.bnet,!PTP_EGFR,[['!EGF']],[0.0],0.65945
./input/networks/large/25780058.bnet,Raf,[],NA,0.66552
./input/networks/large/25780058.bnet,!Raf,[['!EGF']],[0.0],0.67558
./input/networks/large/25780058.bnet,p190RhoGEF,[],NA,0.63659
./input/networks/large/25780058.bnet,!p190RhoGEF,[['EGF']],[0.0],0.66277
./input/networks/large/25967891.bnet,FUL,[],NA,0.23711
./input/networks/large/25967891.bnet,!FUL,[],NA,0.22685
./input/networks/large/25967891.bnet,TFL1,[],NA,0.27176
./input/networks/large/25967891.bnet,!TFL1,"[['AP1'], ['!EMF1'], ['LFY'], ['!TFL1']]","[0.0, 0.0, 0.0, 0.0]",0.26063
./input/networks/large/25967891.bnet,FT,"[['AP1'], ['!EMF1'], ['LFY'], ['!TFL1']]","[0.0, 0.0, 0.0, 0.0]",0.25796
./input/networks/large/25967891.bnet,!FT,[],NA,0.26778
./input/networks/large/25967891.bnet,AP2,"[['AP1'], ['!EMF1'], ['LFY'], ['!TFL1']]","[0.0, 0.0, 0.0, 0.0]",0.22533
./input/networks/large/25967891.bnet,!AP2,[],NA,0.23619
./input/networks/large/25980672.bnet,Bcl_2_K,[['!UVB']],[0.0],1.10746
./input/networks/large/25980672.bnet,!Bcl_2_K,[],NA,1.14991
./input/networks/large/25980672.bnet,Bcl_2_M,[],NA,1.0528
./input/networks/large/25980672.bnet,!Bcl_2_M,[['!UVB']],[0.0],1.07141
./input/networks/large/25980672.bnet,JNK_K,[],NA,1.13518
./input/networks/large/25980672.bnet,!JNK_K,[['!UVB']],[0.0],1.0989
./input/networks/large/25980672.bnet,EGFR_K,[],NA,1.13741
./input/networks/large/25980672.bnet,!EGFR_K,[['!UVB']],[0.0],1.12584
./input/networks/large/26564978.bnet,P15,[['!MKP']],[0.0],5.10245
./input/networks/large/26564978.bnet,!P15,[],NA,5.10201
./input/networks/large/26564978.bnet,CDK_4,[['!MKP']],[0.0],5.10045
./input/networks/large/26564978.bnet,!CDK_4,[],NA,5.10251
./input/networks/large/26564978.bnet,P53,[['!MKP']],[0.0],5.09727
./input/networks/large/26564978.bnet,!P53,[['MKP']],[0.0],5.096
./input/networks/large/26564978.bnet,STAT3,[['1']],[0.0],0.01264
./input/networks/large/26564978.bnet,!STAT3,[['0']],NA,0.01468
./input/networks/large/26660865.bnet,IL6_DELTA4_T,[['!FACTOR14']],[0.0],17.27506
./input/networks/large/26660865.bnet,!IL6_DELTA4_T,[],NA,17.28055
./input/networks/large/26660865.bnet,CYCLIN_E_T,[['1']],[0.0],0.02561
./input/networks/large/26660865.bnet,!CYCLIN_E_T,[['0']],NA,0.02565
./input/networks/large/26660865.bnet,STAT1_T,[['1']],[0.0],0.02562
./input/networks/large/26660865.bnet,!STAT1_T,[['0']],NA,0.02547
./input/networks/large/26660865.bnet,PDGF_T,"[['!MKP_T'], ['!FACTOR2'], ['!FACTOR1']]","[0.0, 0.0, 0.0]",17.27678
./input/networks/large/26660865.bnet,!PDGF_T,[],NA,17.28379
./input/networks/large/27138333.bnet,P90rsk,[],NA,0.78745
./input/networks/large/27138333.bnet,!P90rsk,[['!Pdk1']],[0.0],0.7489
./input/networks/large/27138333.bnet,Rap1a,[],NA,0.81493
./input/networks/large/27138333.bnet,!Rap1a,"[['!EGF'], ['p90rsk']]","[0.0, 0.0]",0.73663
./input/networks/large/27138333.bnet,Pip3,[],NA,0.77865
./input/networks/large/27138333.bnet,!Pip3,"[['Ship2'], ['!Pip2'], ['Pten']]","[0.0, 0.0, 0.0]",0.73204
./input/networks/large/27138333.bnet,RalbP1,[['Rap1A']],[0.0],0.78991
./input/networks/large/27138333.bnet,!RalbP1,[['!Rap1A']],[0.0],0.77447
./input/networks/large/27464342_curated_model.bnet,p90Rsk_il,[['IRS1_2']],[0.0],2.40526
./input/networks/large/27464342_curated_model.bnet,!p90Rsk_il,[],NA,2.38624
./input/networks/large/27464342_curated_model.bnet,IL6_syn,[],NA,2.33935
./input/networks/large/27464342_curated_model.bnet,!IL6_syn,"[['!hk'], ['SIGIRR'], ['ST2'], ['!LPS'], ['IL_10R'], ['hk_inh']]","[0.0, 0.0, 0.0, 0.0, 0.0, 0.0]",2.29035
./input/networks/large/27464342_curated_model.bnet,Ccl5_Stat1,[],NA,2.39594
./input/networks/large/27464342_curated_model.bnet,!Ccl5_Stat1,"[['!hk'], ['!LPS'], ['IL_10R'], ['hk_inh']]","[0.0, 0.0, 0.0, 0.0]",2.3195
./input/networks/large/27464342_curated_model.bnet,PKC,[['IRS1_2']],[0.0],2.30239
./input/networks/large/27464342_curated_model.bnet,!PKC,[],NA,2.2962
./input/networks/large/27613445.bnet,G1_S,[],NA,0.43624
./input/networks/large/27613445.bnet,!G1_S,"[['Senescence'], ['!G1_S'], ['!MDM2'], ['p53'], ['p21'], ['!AKT'], ['!mTORC1_S6K1'], ['ATP'], ['AMPK'], ['!PTEN'], ['TSC'], ['!CDK2'], ['!RB1'], ['RB1'], ['!E2F1'], ['!PRC'], ['!Metabolism'], ['PP2A'], ['PP1C'], ['!GF'], ['Insulin']]","[0.0, 0.0, 0.001, 0.0, 0.0, 0.0, 0.0, 0.001, 0.0, 0.0, 0.0, 0.0, 0.001, 0.0, 0.0, 0.0, 0.0, 0.001, 0.001, 0.0, 0.001]",0.42447
./input/networks/large/27613445.bnet,Senescence,[],NA,0.44155
./input/networks/large/27613445.bnet,!Senescence,[],NA,0.44163
./input/networks/large/27613445.bnet,IRS_PIK3CA,[['Insulin']],[0.0],0.4162
./input/networks/large/27613445.bnet,!IRS_PIK3CA,[['!Insulin']],[0.0],0.45349
./input/networks/large/27613445.bnet,p21,[],NA,0.45341
./input/networks/large/27613445.bnet,!p21,[],NA,0.42898
./input/networks/large/28187161.bnet,HB8,[],NA,0.52163
./input/networks/large/28187161.bnet,!HB8,[['!BR']],[0.0],0.54607
./input/networks/large/28187161.bnet,WOX4,[],NA,0.49697
./input/networks/large/28187161.bnet,!WOX4,[],NA,0.5551
./input/networks/large/28187161.bnet,DELLA,[],NA,0.53035
./input/networks/large/28187161.bnet,!DELLA,[['GA']],[0.0],0.56384
./input/networks/large/28187161.bnet,BZR1,[],NA,0.57388
./input/networks/large/28187161.bnet,!BZR1,[['!BR']],[0.0],0.56075
./input/networks/large/28381275.bnet,CyclinE,[],NA,0.61485
./input/networks/large/28381275.bnet,!CyclinE,[['DNAdamage']],[0.0],0.61043
./input/networks/large/28381275.bnet,Wnt,[],NA,0.61754
./input/networks/large/28381275.bnet,!Wnt,[['DNAdamage']],[0.0],0.57193
./input/networks/large/28381275.bnet,ERK,[],NA,0.63338
./input/networks/large/28381275.bnet,!ERK,[['!EGF']],[0.0],0.58024
./input/networks/large/28381275.bnet,BRCA1,[['0']],NA,0.00919
./input/networks/large/28381275.bnet,!BRCA1,[['1']],[0.0],0.0085
./input/networks/large/28426669_ARF10_greater_ARF5.bnet,MGP,[],NA,0.30854
./input/networks/large/28426669_ARF10_greater_ARF5.bnet,!MGP,"[['!SCR'], ['!SHR'], ['!MIR166'], ['PHB'], ['!JKD']]","[0.0, 0.0, 0.0, 0.0, 0.0]",0.26982
./input/networks/large/28426669_ARF10_greater_ARF5.bnet,CLE40,[],NA,0.30119
./input/networks/large/28426669_ARF10_greater_ARF5.bnet,!CLE40,[['SHR']],[0.0],0.30563
./input/networks/large/28426669_ARF10_greater_ARF5.bnet,MIR166,[],NA,0.29618
./input/networks/large/28426669_ARF10_greater_ARF5.bnet,!MIR166,[],NA,0.28962
./input/networks/large/28426669_ARF10_greater_ARF5.bnet,PHB,[],NA,0.28928
./input/networks/large/28426669_ARF10_greater_ARF5.bnet,!PHB,[],NA,0.28135
./input/networks/large/28455685.bnet,S6K1,[['1']],[0.0],0.00867
./input/networks/large/28455685.bnet,!S6K1,[['0']],NA,0.00916
./input/networks/large/28455685.bnet,Erk1_2,[['0']],NA,0.00815
./input/networks/large/28455685.bnet,!Erk1_2,[['1']],[0.0],0.00968
./input/networks/large/28455685.bnet,mTORC1,[['1']],[0.0],0.00812
./input/networks/large/28455685.bnet,!mTORC1,[['0']],NA,0.00833
./input/networks/large/28455685.bnet,PIP3,[],NA,0.25241
./input/networks/large/28455685.bnet,!PIP3,"[['!EGFR'], ['PTEN']]","[0.0, 0.0]",0.2783
./input/networks/large/29186334.bnet,mmcp6,[],NA,0.52191
./input/networks/large/29186334.bnet,!mmcp6,[],NA,0.49747
./input/networks/large/29186334.bnet,ccr3,[],NA,0.50635
./input/networks/large/29186334.bnet,!ccr3,"[['!cebpa'], ['!gata1'], ['mitf'], ['ckit']]","[0.0, 0.0, 0.0, 0.0]",0.52385
./input/networks/large/29186334.bnet,mccpa,[],NA,0.49834
./input/networks/large/29186334.bnet,!mccpa,[],NA,0.5419
./input/networks/large/29186334.bnet,fceRIb,[['gata1']],[0.0],0.52328
./input/networks/large/29186334.bnet,!fceRIb,[['!gata1']],[0.0],0.54453
./input/networks/large/29230182.bnet,CDC42,"[['WNT5a'], ['WNT11']]","[0.0, 0.0]",3.123
./input/networks/large/29230182.bnet,!CDC42,[],NA,3.11881
./input/networks/large/29230182.bnet,Axin2,[],NA,3.12757
./input/networks/large/29230182.bnet,!Axin2,[['BTrCP']],[0.0],3.10657
./input/networks/large/29230182.bnet,CyclinD1,[],NA,3.1243
./input/networks/large/29230182.bnet,!CyclinD1,[['BTrCP']],[0.0],3.12372
./input/networks/large/29230182.bnet,PDGFB,[],NA,3.18095
./input/networks/large/29230182.bnet,!PDGFB,[],NA,3.13005
./input/networks/large/29237040.bnet,CCA,[],NA,0.35484
./input/networks/large/29237040.bnet,!CCA,[],NA,0.33332
./input/networks/large/29237040.bnet,Apoptosis,[],NA,0.39479
./input/networks/large/29237040.bnet,!Apoptosis,[['!DNAdamage']],[0.0],0.39825
./input/networks/large/29237040.bnet,Metastasis,[],NA,0.3665
./input/networks/large/29237040.bnet,!Metastasis,"[['miRNA'], ['p53'], ['!ECMicroenv']]","[0.0, 0.0, 0.0]",0.35739
./input/networks/large/29237040.bnet,miRNA,[],NA,0.39222
./input/networks/large/29237040.bnet,!miRNA,[['!DNAdamage']],[0.0],0.3698
./input/networks/large/29378814.bnet,Smad7,[],NA,0.64871
./input/networks/large/29378814.bnet,!Smad7,[['!SignalBMP']],[0.0],0.69261
./input/networks/large/29378814.bnet,Fgfr2,[],NA,0.67393
./input/networks/large/29378814.bnet,!Fgfr2,[],NA,0.6974
./input/networks/large/29378814.bnet,BMP4,"[['SignalBMP'], ['SignalWNT'], ['SignalERK'], ['SignalLIF']]","[0.0, 0.0, 0.0, 0.0]",0.69865
./input/networks/large/29378814.bnet,!BMP4,[],NA,0.66072
./input/networks/large/29378814.bnet,Rex1,[],NA,0.72909
./input/networks/large/29378814.bnet,!Rex1,[],NA,0.70949
./input/networks/large/29596489.bnet,TCF,[['Wnt']],[0.0],0.42961
./input/networks/large/29596489.bnet,!TCF,[],NA,0.42915
./input/networks/large/29596489.bnet,GSK3beta,[],NA,0.40115
./input/networks/large/29596489.bnet,!GSK3beta,[['Wnt']],[0.0],0.42901
./input/networks/large/29596489.bnet,mTORC2,[],NA,0.40515
./input/networks/large/29596489.bnet,!mTORC2,"[['Wnt'], ['!IGF']]","[0.0, 0.0]",0.42239
./input/networks/large/29596489.bnet,JNK,[['Wnt']],[0.0],0.41
./input/networks/large/29596489.bnet,!JNK,[],NA,0.46023
./input/networks/large/29632237.bnet,Viacel,[['0']],NA,0.01031
./input/networks/large/29632237.bnet,!Viacel,[['1']],[0.001],0.00973
./input/networks/large/29632237.bnet,PIP3,[['0']],NA,0.01143
./input/networks/large/29632237.bnet,!PIP3,[['1']],[0.0],0.00936
./input/networks/large/29632237.bnet,CYCB,[['0']],NA,0.00925
./input/networks/large/29632237.bnet,!CYCB,[['1']],[0.0],0.00855
./input/networks/large/29632237.bnet,CDK2,[['0']],NA,0.01053
./input/networks/large/29632237.bnet,!CDK2,[['1']],[0.0],0.00942
./input/networks/large/30024932.bnet,G2_M_Arrest,[],NA,0.39294
./input/networks/large/30024932.bnet,!G2_M_Arrest,[['!IR']],[0.0],0.34944
./input/networks/large/30024932.bnet,Proliferation,[['!IR']],[0.0],0.40603
./input/networks/large/30024932.bnet,!Proliferation,[['IR']],[0.0],0.39038
./input/networks/large/30024932.bnet,G2_M_Apoptosis,[],NA,0.3432
./input/networks/large/30024932.bnet,!G2_M_Apoptosis,[['!IR']],[0.0],0.41328
./input/networks/large/30024932.bnet,RB,[],NA,0.40761
./input/networks/large/30024932.bnet,!RB,[['!IR']],[0.0],0.372
./input/networks/large/30038409.bnet,HAND1,[['0']],NA,0.00883
./input/networks/large/30038409.bnet,!HAND1,[['1']],[0.0],0.00856
./input/networks/large/30038409.bnet,SALL4,[],NA,0.77748
./input/networks/large/30038409.bnet,!SALL4,[],NA,0.76878
./input/networks/large/30038409.bnet,CDK6,[],NA,0.73587
./input/networks/large/30038409.bnet,!CDK6,[],NA,0.81436
./input/networks/large/30038409.bnet,ZFHX3,[],NA,0.74177
./input/networks/large/30038409.bnet,!ZFHX3,[],NA,0.73155
./input/networks/large/30518777.bnet,KAT1,[],NA,1.0476
./input/networks/large/30518777.bnet,!KAT1,[['ABA']],[0.0],0.97124
./input/networks/large/30518777.bnet,CLOSURE,[],NA,1.04518
./input/networks/large/30518777.bnet,!CLOSURE,[['!ABA']],[0.0],1.02003
./input/networks/large/30518777.bnet,GTG,[['0']],NA,0.00889
./input/networks/large/30518777.bnet,!GTG,[['1']],[0.0],0.00842
./input/networks/large/30518777.bnet,ROP11,[['ERA1']],[0.0],1.0042
./input/networks/large/30518777.bnet,!ROP11,[['!ERA1']],[0.0],1.08372
./input/networks/large/30953496_as_per_authors.bnet,GLUT4,[],NA,1.29481
./input/networks/large/30953496_as_per_authors.bnet,!GLUT4,[],NA,1.28306
./input/networks/large/30953496_as_per_authors.bnet,p38,[['1']],[0.0],0.00916
./input/networks/large/30953496_as_per_authors.bnet,!p38,[['0']],NA,0.00875
./input/networks/large/30953496_as_per_authors.bnet,Apoptosis,[['1']],[0.0],0.00831
./input/networks/large/30953496_as_per_authors.bnet,!Apoptosis,[['0']],NA,0.00813
./input/networks/large/30953496_as_per_authors.bnet,GS,[],NA,1.32899
./input/networks/large/30953496_as_per_authors.bnet,!GS,[],NA,1.33222
./input/networks/large/31130988.bnet,NHEJ,[['0']],NA,0.0113
./input/networks/large/31130988.bnet,!NHEJ,[['1']],[0.0],0.01221
./input/networks/large/31130988.bnet,PP2A_B55,[['0']],NA,0.0112
./input/networks/large/31130988.bnet,!PP2A_B55,[['1']],[0.0],0.01066
./input/networks/large/31130988.bnet,R_DSB,[],NA,0.49878
./input/networks/large/31130988.bnet,!R_DSB,[],NA,0.49505
./input/networks/large/31130988.bnet,NUC2,[['0']],NA,0.00849
./input/networks/large/31130988.bnet,!NUC2,[['1']],[0.0],0.0094
./input/networks/large/31949240.bnet,Fibrosis,[],NA,0.43991
./input/networks/large/31949240.bnet,!Fibrosis,[],NA,0.41902
./input/networks/large/31949240.bnet,NO_availability,"[['Simvastatin'], ['Anti_oxidant_administration_Vitamins_C_and_E'], ['VEGF_administration']]","[0.0, 0.0, 0.0]",0.46115
./input/networks/large/31949240.bnet,!NO_availability,[],NA,0.44243
./input/networks/large/31949240.bnet,TGF_beta,[],NA,0.45323
./input/networks/large/31949240.bnet,!TGF_beta,[],NA,0.41107
./input/networks/large/31949240.bnet,Inflammation,[],NA,0.44242
./input/networks/large/31949240.bnet,!Inflammation,[],NA,0.40094
./input/networks/large/32054948.bnet,SIPS,[],NA,0.51314
./input/networks/large/32054948.bnet,!SIPS,[],NA,0.48975
./input/networks/large/32054948.bnet,Apoptosis,[],NA,0.51735
./input/networks/large/32054948.bnet,!Apoptosis,[['!DNA_damage']],[0.0],0.52439
./input/networks/large/32054948.bnet,Proliferation,[],NA,0.45595
./input/networks/large/32054948.bnet,!Proliferation,"[['ATM'], ['miR_34a'], ['p53'], ['DNA_damage']]","[0.0, 0.0, 0.0, 0.0]",0.50592
./input/networks/large/32054948.bnet,p53_K,[],NA,0.49724
./input/networks/large/32054948.bnet,!p53_K,[],NA,0.49113
./input/networks/large/35752283.bnet,Prop,[],NA,1.23093
./input/networks/large/35752283.bnet,!Prop,[],NA,1.27828
./input/networks/large/35752283.bnet,Migs,[],NA,1.27884
./input/networks/large/35752283.bnet,!Migs,[],NA,1.25454
./input/networks/large/35752283.bnet,Apos,[],NA,1.26698
./input/networks/large/35752283.bnet,!Apos,[],NA,1.21978
./input/networks/large/35752283.bnet,Autp,[],NA,1.20933
./input/networks/large/35752283.bnet,!Autp,[],NA,1.24353
./input/networks/large/Apoptosis Network_19422837.bnet,Apoptosis,[],NA,0.73919
./input/networks/large/Apoptosis Network_19422837.bnet,!Apoptosis,[],NA,0.73078
./input/networks/large/Apoptosis Network_19422837.bnet,IKK,[],NA,0.74565
./input/networks/large/Apoptosis Network_19422837.bnet,!IKK,[],NA,0.7451
./input/networks/large/Apoptosis Network_19422837.bnet,Cas12,[],NA,0.72314
./input/networks/large/Apoptosis Network_19422837.bnet,!Cas12,[],NA,0.6959
./input/networks/large/Apoptosis Network_19422837.bnet,NFkB,[],NA,0.70215
./input/networks/large/Apoptosis Network_19422837.bnet,!NFkB,[],NA,0.73168
./input/networks/large/Arabidopsis thaliana Cell Cycle_26340681.bnet,KRP1,[],NA,0.2633
./input/networks/large/Arabidopsis thaliana Cell Cycle_26340681.bnet,!KRP1,[],NA,0.2526
./input/networks/large/Arabidopsis thaliana Cell Cycle_26340681.bnet,E2Fb,[],NA,0.25046
./input/networks/large/Arabidopsis thaliana Cell Cycle_26340681.bnet,!E2Fb,[],NA,0.23777
./input/networks/large/Arabidopsis thaliana Cell Cycle_26340681.bnet,E2Fe,[],NA,0.26519
./input/networks/large/Arabidopsis thaliana Cell Cycle_26340681.bnet,!E2Fe,[],NA,0.26705
./input/networks/large/Arabidopsis thaliana Cell Cycle_26340681.bnet,CDKB1_1,[],NA,0.26211
./input/networks/large/Arabidopsis thaliana Cell Cycle_26340681.bnet,!CDKB1_1,[],NA,0.25221
./input/networks/large/Aurora Kinase A in Neuroblastoma_26616283.bnet,ENSA,[],NA,0.40098
./input/networks/large/Aurora Kinase A in Neuroblastoma_26616283.bnet,!ENSA,[],NA,0.41271
./input/networks/large/Aurora Kinase A in Neuroblastoma_26616283.bnet,CDK1CCNBComplex,[],NA,0.38596
./input/networks/large/Aurora Kinase A in Neuroblastoma_26616283.bnet,!CDK1CCNBComplex,[],NA,0.39599
./input/networks/large/Aurora Kinase A in Neuroblastoma_26616283.bnet,STMN,[],NA,0.38258
./input/networks/large/Aurora Kinase A in Neuroblastoma_26616283.bnet,!STMN,[],NA,0.40648
./input/networks/large/Aurora Kinase A in Neuroblastoma_26616283.bnet,PP1,[],NA,0.38172
./input/networks/large/Aurora Kinase A in Neuroblastoma_26616283.bnet,!PP1,[],NA,0.41969
./input/networks/large/B bronchiseptica and T retortaeformis coinfection_22253585.bnet,DP,[['0']],NA,0.00832
./input/networks/large/B bronchiseptica and T retortaeformis coinfection_22253585.bnet,!DP,[['1']],[0.0],0.0082
./input/networks/large/B bronchiseptica and T retortaeformis coinfection_22253585.bnet,TNE,[['0']],NA,0.00874
./input/networks/large/B bronchiseptica and T retortaeformis coinfection_22253585.bnet,!TNE,[['1']],[0.0],0.00856
./input/networks/large/B bronchiseptica and T retortaeformis coinfection_22253585.bnet,IFNgII,[],NA,0.97529
./input/networks/large/B bronchiseptica and T retortaeformis coinfection_22253585.bnet,!IFNgII,"[['!Bb'], ['AP'], ['PH']]","[0.0, 0.0, 0.0]",0.96674
./input/networks/large/B bronchiseptica and T retortaeformis coinfection_22253585.bnet,TEL,[],NA,0.93643
./input/networks/large/B bronchiseptica and T retortaeformis coinfection_22253585.bnet,!TEL,[],NA,0.98827
./input/networks/large/Budding Yeast Cell Cycle 2009_19185585.bnet,FEAR,[],NA,0.35679
./input/networks/large/Budding Yeast Cell Cycle 2009_19185585.bnet,!FEAR,[],NA,0.35366
./input/networks/large/Budding Yeast Cell Cycle 2009_19185585.bnet,Yhp1,[],NA,0.35224
./input/networks/large/Budding Yeast Cell Cycle 2009_19185585.bnet,!Yhp1,[],NA,0.35632
./input/networks/large/Budding Yeast Cell Cycle 2009_19185585.bnet,S,[],NA,0.36357
./input/networks/large/Budding Yeast Cell Cycle 2009_19185585.bnet,!S,[],NA,0.32591
./input/networks/large/Budding Yeast Cell Cycle 2009_19185585.bnet,Swi5,[],NA,0.31639
./input/networks/large/Budding Yeast Cell Cycle 2009_19185585.bnet,!Swi5,[],NA,0.3292
./input/networks/large/Budding Yeast Cell Cycle_23049686.bnet,Whi5,[['!Start']],[0.0],0.36678
./input/networks/large/Budding Yeast Cell Cycle_23049686.bnet,!Whi5,[],NA,0.36367
./input/networks/large/Budding Yeast Cell Cycle_23049686.bnet,Cdh1,[],NA,0.36362
./input/networks/large/Budding Yeast Cell Cycle_23049686.bnet,!Cdh1,[],NA,0.40428
./input/networks/large/Budding Yeast Cell Cycle_23049686.bnet,Cln2,[],NA,0.3964
./input/networks/large/Budding Yeast Cell Cycle_23049686.bnet,!Cln2,[['!Start']],[0.0],0.33894
./input/networks/large/Budding Yeast Cell Cycle_23049686.bnet,Cdc14,[],NA,0.40068
./input/networks/large/Budding Yeast Cell Cycle_23049686.bnet,!Cdc14,"[['!Start'], ['!Size'], ['!BuddingCP'], ['!SpindleCP']]","[0.0, 0.0, 0.0, 0.0]",0.35149
./input/networks/large/CD4 T cell signaling_25538703.bnet,Cofilin,[],NA,4.1168
./input/networks/large/CD4 T cell signaling_25538703.bnet,!Cofilin,"[['APC'], ['CAV1_ACTIVATOR'], ['ECM'], ['alpha_13L']]","[0.0, 0.0, 0.0, 0.0]",4.11376
./input/networks/large/CD4 T cell signaling_25538703.bnet,IL17,[],NA,4.10719
./input/networks/large/CD4 T cell signaling_25538703.bnet,!IL17,[['!APC']],[0.0],4.11021
./input/networks/large/CD4 T cell signaling_25538703.bnet,F_Actin,"[['APC'], ['ECM']]","[0.0, 0.0]",4.11286
./input/networks/large/CD4 T cell signaling_25538703.bnet,!F_Actin,[],NA,4.11398
./input/networks/large/CD4 T cell signaling_25538703.bnet,MLC,"[['APC'], ['CAV1_ACTIVATOR'], ['ECM'], ['alpha_13L']]","[0.0, 0.0, 0.0, 0.0]",4.1151
./input/networks/large/CD4 T cell signaling_25538703.bnet,!MLC,[],NA,4.11196
./input/networks/large/CD4+ T Cell Differentiation and Plasticity_26090929.bnet,BCL6,[],NA,0.36044
./input/networks/large/CD4+ T Cell Differentiation and Plasticity_26090929.bnet,!BCL6,"[['TGFBe'], ['IL10e']]","[0.0, 0.0]",0.29918
./input/networks/large/CD4+ T Cell Differentiation and Plasticity_26090929.bnet,IL21,[],NA,0.35676
./input/networks/large/CD4+ T Cell Differentiation and Plasticity_26090929.bnet,!IL21,[['IL10e']],[0.0],0.35582
./input/networks/large/CD4+ T Cell Differentiation and Plasticity_26090929.bnet,IL2,[],NA,0.31665
./input/networks/large/CD4+ T Cell Differentiation and Plasticity_26090929.bnet,!IL2,[['IL10e']],[0.0],0.32711
./input/networks/large/CD4+ T Cell Differentiation and Plasticity_26090929.bnet,IL10,[['IL10e']],[0.0],0.34141
./input/networks/large/CD4+ T Cell Differentiation and Plasticity_26090929.bnet,!IL10,[],NA,0.35324
./input/networks/large/Cholesterol Regulatory Pathway_19025648.bnet,Cyp51,[],NA,0.65428
./input/networks/large/Cholesterol Regulatory Pathway_19025648.bnet,!Cyp51,[['Statins']],[0.0],0.59316
./input/networks/large/Cholesterol Regulatory Pathway_19025648.bnet,Mevalonic_Acid,[],NA,0.59778
./input/networks/large/Cholesterol Regulatory Pathway_19025648.bnet,!Mevalonic_Acid,"[['Statins'], ['!Acetyl_CoA']]","[0.0, 0.0]",0.63209
./input/networks/large/Cholesterol Regulatory Pathway_19025648.bnet,Acetyl_CoA_acetyltransferase_RNA,[],NA,0.65226
./input/networks/large/Cholesterol Regulatory Pathway_19025648.bnet,!Acetyl_CoA_acetyltransferase_RNA,[['Statins']],[0.0],0.66764
./input/networks/large/Cholesterol Regulatory Pathway_19025648.bnet,HMG_CoA_Reductase_RNA,[],NA,0.63636
./input/networks/large/Cholesterol Regulatory Pathway_19025648.bnet,!HMG_CoA_Reductase_RNA,[['Statins']],[0.0],0.5876
./input/networks/large/Colitis-associated colon cancer_26446703.bnet,Proliferation,[],NA,1.30306
./input/networks/large/Colitis-associated colon cancer_26446703.bnet,!Proliferation,[],NA,1.22082
./input/networks/large/Colitis-associated colon cancer_26446703.bnet,Apoptosis,[],NA,1.22619
./input/networks/large/Colitis-associated colon cancer_26446703.bnet,!Apoptosis,[],NA,1.29279
./input/networks/large/Colitis-associated colon cancer_26446703.bnet,PP2A,[],NA,1.31222
./input/networks/large/Colitis-associated colon cancer_26446703.bnet,!PP2A,[],NA,1.20339
./input/networks/large/Colitis-associated colon cancer_26446703.bnet,JNK,[],NA,1.226
./input/networks/large/Colitis-associated colon cancer_26446703.bnet,!JNK,[],NA,1.24476
./input/networks/large/Death Receptor Signaling_20221256.bnet,survival,[],NA,0.54194
./input/networks/large/Death Receptor Signaling_20221256.bnet,!survival,[],NA,0.47087
./input/networks/large/Death Receptor Signaling_20221256.bnet,NonACD,[],NA,0.52906
./input/networks/large/Death Receptor Signaling_20221256.bnet,!NonACD,[],NA,0.54165
./input/networks/large/Death Receptor Signaling_20221256.bnet,apoptosis,[],NA,0.52804
./input/networks/large/Death Receptor Signaling_20221256.bnet,!apoptosis,[],NA,0.53198
./input/networks/large/Death Receptor Signaling_20221256.bnet,Cyt_c,[],NA,0.50027
./input/networks/large/Death Receptor Signaling_20221256.bnet,!Cyt_c,[],NA,0.53712
./input/networks/large/EGFR & ErbB Signaling_19662154.bnet,cmyc,[],NA,1.96538
./input/networks/large/EGFR & ErbB Signaling_19662154.bnet,!cmyc,"[['!pi3kr'], ['!mtorr'], ['!pdk1'], ['pp2a'], ['mkp'], ['pten']]","[0.0, 0.0, 0.0, 0.0, 0.0, 0.0]",1.94328
./input/networks/large/EGFR & ErbB Signaling_19662154.bnet,pro_apoptotic,"[['!pi3kr'], ['!mtorr'], ['!pdk1'], ['pp2a'], ['pten']]","[0.0, 0.0, 0.0, 0.0, 0.0]",1.92431
./input/networks/large/EGFR & ErbB Signaling_19662154.bnet,!pro_apoptotic,[],NA,1.89347
./input/networks/large/EGFR & ErbB Signaling_19662154.bnet,actinreorg,[],NA,1.89952
./input/networks/large/EGFR & ErbB Signaling_19662154.bnet,!actinreorg,"[['!pi3kr'], ['pten']]","[0.0, 0.0]",1.90521
./input/networks/large/EGFR & ErbB Signaling_19662154.bnet,p70s6_2,[],NA,1.96382
./input/networks/large/EGFR & ErbB Signaling_19662154.bnet,!p70s6_2,"[['!pi3kr'], ['!mtorr'], ['!pdk1'], ['pp2a'], ['pten']]","[0.0, 0.0, 0.0, 0.0, 0.0]",1.90587
./input/networks/large/FA BRCA pathway_22267503.bnet,ADD,[['0']],NA,0.01006
./input/networks/large/FA BRCA pathway_22267503.bnet,!ADD,[['1']],[0.0],0.00897
./input/networks/large/FA BRCA pathway_22267503.bnet,XPF,[['0']],NA,0.00987
./input/networks/large/FA BRCA pathway_22267503.bnet,!XPF,[['1']],[0.0],0.00842
./input/networks/large/FA BRCA pathway_22267503.bnet,CHK2,[['0']],NA,0.00819
./input/networks/large/FA BRCA pathway_22267503.bnet,!CHK2,[['1']],[0.0],0.00815
./input/networks/large/FA BRCA pathway_22267503.bnet,RAD51,[['0']],NA,0.00922
./input/networks/large/FA BRCA pathway_22267503.bnet,!RAD51,[['1']],[0.0],0.00988
./input/networks/large/Fanconi anemia and checkpoint recovery_26385365.bnet,NUC1,[['0']],NA,0.00834
./input/networks/large/Fanconi anemia and checkpoint recovery_26385365.bnet,!NUC1,[['1']],[0.0],0.00975
./input/networks/large/Fanconi anemia and checkpoint recovery_26385365.bnet,NUC2,[['0']],NA,0.00926
./input/networks/large/Fanconi anemia and checkpoint recovery_26385365.bnet,!NUC2,[['1']],[0.0],0.00871
./input/networks/large/Fanconi anemia and checkpoint recovery_26385365.bnet,ATR,[['0']],NA,0.00958
./input/networks/large/Fanconi anemia and checkpoint recovery_26385365.bnet,!ATR,[['1']],[0.0],0.00821
./input/networks/large/Fanconi anemia and checkpoint recovery_26385365.bnet,ATM,[['0']],NA,0.00957
./input/networks/large/Fanconi anemia and checkpoint recovery_26385365.bnet,!ATM,[['1']],[0.0],0.00914
./input/networks/large/Guard Cell Abscisic Acid Signaling_16968132.bnet,ROP10,[['ERA1']],[0.0],0.83358
./input/networks/large/Guard Cell Abscisic Acid Signaling_16968132.bnet,!ROP10,[['!ERA1']],[0.0],0.75992
./input/networks/large/Guard Cell Abscisic Acid Signaling_16968132.bnet,Closure,[],NA,0.80913
./input/networks/large/Guard Cell Abscisic Acid Signaling_16968132.bnet,!Closure,[],NA,0.80786
./input/networks/large/Guard Cell Abscisic Acid Signaling_16968132.bnet,NOS,[],NA,0.85836
./input/networks/large/Guard Cell Abscisic Acid Signaling_16968132.bnet,!NOS,[],NA,0.77024
./input/networks/large/Guard Cell Abscisic Acid Signaling_16968132.bnet,Atrboh,[],NA,0.80993
./input/networks/large/Guard Cell Abscisic Acid Signaling_16968132.bnet,!Atrboh,[['!ABA']],[0.0],0.82082
./input/networks/large/HCC1954 Breast Cell Line Long-term ErbB Network_24970389.bnet,AKT,[],NA,0.43598
./input/networks/large/HCC1954 Breast Cell Line Long-term ErbB Network_24970389.bnet,!AKT,[],NA,0.4929
./input/networks/large/HCC1954 Breast Cell Line Long-term ErbB Network_24970389.bnet,GSKa_b,"[['p38'], ['RB'], ['p53'], ['AKT'], ['CyclinB1'], ['GSKa_b']]","[0.0, 0.0, 0.0, 0.0, 0.0, 0.0]",0.48487
./input/networks/large/HCC1954 Breast Cell Line Long-term ErbB Network_24970389.bnet,!GSKa_b,[],NA,0.41815
./input/networks/large/HCC1954 Breast Cell Line Long-term ErbB Network_24970389.bnet,RPS6,"[['RPS6'], ['p70S6K']]","[0.0, 0.0]",0.48519
./input/networks/large/HCC1954 Breast Cell Line Long-term ErbB Network_24970389.bnet,!RPS6,[],NA,0.46487
./input/networks/large/HCC1954 Breast Cell Line Long-term ErbB Network_24970389.bnet,cRAF,[['0']],NA,0.0102
./input/networks/large/HCC1954 Breast Cell Line Long-term ErbB Network_24970389.bnet,!cRAF,[['1']],[0.0],0.00819
./input/networks/large/HGF Signaling in Keratinocytes_22962472.bnet,CellMigration,[],NA,1.25119
./input/networks/large/HGF Signaling in Keratinocytes_22962472.bnet,!CellMigration,[['PTEN']],[0.0],1.22079
./input/networks/large/HGF Signaling in Keratinocytes_22962472.bnet,cMYC,[],NA,1.27406
./input/networks/large/HGF Signaling in Keratinocytes_22962472.bnet,!cMYC,[['PTEN']],[0.0],1.19374
./input/networks/large/HGF Signaling in Keratinocytes_22962472.bnet,EGR1,[],NA,1.19283
./input/networks/large/HGF Signaling in Keratinocytes_22962472.bnet,!EGR1,[['PTEN']],[0.0],1.20057
./input/networks/large/HGF Signaling in Keratinocytes_22962472.bnet,Proliferation,[],NA,1.22281
./input/networks/large/HGF Signaling in Keratinocytes_22962472.bnet,!Proliferation,"[['DUSP1'], ['PTEN'], ['!PAI_1'], ['HGF']]","[0.0, 0.0, 0.0, 0.0]",1.25954
./input/networks/large/HIV-1 interactions with T-Cell Signaling Pathway_25431332.bnet,PPP2R4_PP2A,[['1']],[0.0],0.01144
./input/networks/large/HIV-1 interactions with T-Cell Signaling Pathway_25431332.bnet,!PPP2R4_PP2A,[['0']],NA,0.01211
./input/networks/large/HIV-1 interactions with T-Cell Signaling Pathway_25431332.bnet,CREB,[['1']],[0.0],0.0112
./input/networks/large/HIV-1 interactions with T-Cell Signaling Pathway_25431332.bnet,!CREB,[['0']],NA,0.01199
./input/networks/large/HIV-1 interactions with T-Cell Signaling Pathway_25431332.bnet,Ccblp,"[['!gp120'], ['gp120'], ['nucleocapsid'], ['MAP3K1_Mekk1'], ['!CYC1'], ['CYC1'], ['LCK'], ['AC'], ['FOS'], ['vif'], ['ROCK'], ['!Ca2plus'], ['Ca2plus'], ['CDC42'], ['CBLB'], ['!CaN'], ['!GRAP2_GADS'], ['ITK'], ['CD28'], ['RAF'], ['DOCK2_CRK_ELMO1'], ['!PPP2R4_PP2A'], ['!PIP2'], ['!Ccblp'], ['nef'], ['!MAP2K1_2_MEK1_2'], ['!TCR'], ['!CTLA4'], ['!RAS'], ['!GRK'], ['GRK'], ['NCK'], ['!FYN'], ['matrix'], ['PKCB_D'], ['Gby'], ['!CREB'], ['CREB'], ['JUN'], ['!capsid'], ['capsid'], ['!Gai'], ['Gai'], ['!vpr'], ['vpr'], ['!NFKB'], ['!DAG'], ['PIP3'], ['!Ikkb_Ikky_Ikka'], ['!STAT'], ['!SHC'], ['!gp160'], ['gp160'], ['!DNA'], ['!MAP2K7_MKK7'], ['MAPK14_p38'], ['RASGRP2'], ['ABL'], ['!MAP2K4_Mkk4'], ['!rev'], ['!GaiGby'], ['!GRB2'], ['RASGRP1'], ['MAPK8_JNK'], ['!JAK3'], ['JAK3'], ['CBL'], ['!VAV3'], ['!NOX4'], ['PAG'], ['PTK2'], ['ZAP70'], ['!Src'], ['!MAP4K1_Hpk1'], ['MAP4K1_Hpk1'], ['CSK'], ['Sre'], ['!in'], ['PTPN11_SHP2'], ['DGK'], ['MAP3K14_NIK'], ['!protease'], ['protease'], ['!PTPN6_SHP1'], ['!LAT'], ['!tat'], ['MAP3K1_Mlk3'], ['CD45'], ['!DLGH1'], ['DLGH1'], ['antigen'], ['vpu'], ['!IKBNFKB'], ['IKBNFKB'], ['!CRKL'], ['CRKL']]","[0.0030000000000000027, 0.0, 0.0, 0.0020000000000000018, 0.0010000000000000009, 0.0, 0.0, 0.0, 0.0030000000000000027, 0.0010000000000000009, 0.0010000000000000009, 0.0, 0.0, 0.0020000000000000018, 0.0030000000000000027, 0.0020000000000000018, 0.0010000000000000009, 0.0, 0.0020000000000000018, 0.0010000000000000009, 0.0010000000000000009, 0.0, 0.0, 0.0, 0.0, 0.0010000000000000009, 0.0040000000000000036, 0.0010000000000000009, 0.0030000000000000027, 0.0010000000000000009, 0.0010000000000000009, 0.0010000000000000009, 0.0, 0.0010000000000000009, 0.0010000000000000009, 0.0010000000000000009, 0.0010000000000000009, 0.0020000000000000018, 0.0010000000000000009, 0.0010000000000000009, 0.0020000000000000018, 0.0010000000000000009, 0.0010000000000000009, 0.0010000000000000009, 0.0030000000000000027, 0.0, 0.0040000000000000036, 0.0020000000000000018, 0.0010000000000000009, 0.0020000000000000018, 0.0010000000000000009, 0.0010000000000000009, 0.0, 0.0, 0.0020000000000000018, 0.0, 0.0, 0.0010000000000000009, 0.0040000000000000036, 0.0010000000000000009, 0.0040000000000000036, 0.0030000000000000027, 0.0, 0.0010000000000000009, 0.0010000000000000009, 0.0020000000000000018, 0.0010000000000000009, 0.0, 0.0010000000000000009, 0.0, 0.0020000000000000018, 0.0, 0.0030000000000000027, 0.0010000000000000009, 0.0010000000000000009, 0.0010000000000000009, 0.0, 0.0, 0.0, 0.0010000000000000009, 0.0030000000000000027, 0.0010000000000000009, 0.0010000000000000009, 0.0010000000000000009, 0.0010000000000000009, 0.0020000000000000018, 0.0020000000000000018, 0.0, 0.0040000000000000036, 0.0, 0.0, 0.0010000000000000009, 0.0010000000000000009, 0.0, 0.0020000000000000018, 0.0]",3.06547
./input/networks/large/HIV-1 interactions with T-Cell Signaling Pathway_25431332.bnet,!Ccblp,[],NA,3.05996
./input/networks/large/HIV-1 interactions with T-Cell Signaling Pathway_25431332.bnet,CYC1,[],NA,3.06006
./input/networks/large/HIV-1 interactions with T-Cell Signaling Pathway_25431332.bnet,!CYC1,[],NA,3.05115
./input/networks/large/Human Gonadal Sex Determination_26573569.bnet,DHH,[],NA,0.33784
./input/networks/large/Human Gonadal Sex Determination_26573569.bnet,!DHH,[],NA,0.32823
./input/networks/large/Human Gonadal Sex Determination_26573569.bnet,CTNNB1,[],NA,0.35045
./input/networks/large/Human Gonadal Sex Determination_26573569.bnet,!CTNNB1,[],NA,0.32898
./input/networks/large/Human Gonadal Sex Determination_26573569.bnet,FOXL2,[],NA,0.3395
./input/networks/large/Human Gonadal Sex Determination_26573569.bnet,!FOXL2,[],NA,0.33983
./input/networks/large/Human Gonadal Sex Determination_26573569.bnet,DKK1,[],NA,0.35339
./input/networks/large/Human Gonadal Sex Determination_26573569.bnet,!DKK1,[],NA,0.37485
./input/networks/large/IL-1 Signaling_21968890.bnet,hgf,[['0']],NA,0.00854
./input/networks/large/IL-1 Signaling_21968890.bnet,!hgf,[['1']],[0.0],0.00867
./input/networks/large/IL-1 Signaling_21968890.bnet,cox2,[['0']],NA,0.009
./input/networks/large/IL-1 Signaling_21968890.bnet,!cox2,[['1']],[0.0],0.00922
./input/networks/large/IL-1 Signaling_21968890.bnet,saa,[['0']],NA,0.00963
./input/networks/large/IL-1 Signaling_21968890.bnet,!saa,[['1']],[0.0],0.00817
./input/networks/large/IL-1 Signaling_21968890.bnet,tdum_mkp1_p38_jnk_erk12,[['0']],NA,0.00818
./input/networks/large/IL-1 Signaling_21968890.bnet,!tdum_mkp1_p38_jnk_erk12,[['1']],[0.0],0.00829
./input/networks/large/IL-6 Signaling_21968890.bnet,tdum_shp2_stat3_py,[],NA,1.5363
./input/networks/large/IL-6 Signaling_21968890.bnet,!tdum_shp2_stat3_py,"[['!gp130m'], ['!il6'], ['ros'], ['sirp1a'], ['nfkb']]","[0.0, 0.0, 0.0, 0.0, 0.0]",1.48937
./input/networks/large/IL-6 Signaling_21968890.bnet,junb,[],NA,1.48153
./input/networks/large/IL-6 Signaling_21968890.bnet,!junb,"[['!gp130m'], ['!il6'], ['nfkb'], ['cyt_ptpe'], ['slim'], ['pias3']]","[0.0, 0.0, 0.0, 0.0, 0.0, 0.0]",1.46729
./input/networks/large/IL-6 Signaling_21968890.bnet,a2m_gfbg,[],NA,1.52954
./input/networks/large/IL-6 Signaling_21968890.bnet,!a2m_gfbg,"[['!gp130m'], ['!il6'], ['nfkb'], ['cyt_ptpe'], ['slim'], ['pias3']]","[0.0, 0.0, 0.0, 0.0, 0.0, 0.0]",1.55462
./input/networks/large/IL-6 Signaling_21968890.bnet,stat1_ta,[],NA,1.46299
./input/networks/large/IL-6 Signaling_21968890.bnet,!stat1_ta,"[['!gp130m'], ['!il6'], ['nfkb'], ['cyt_ptpe'], ['slim'], ['pias1']]","[0.0, 0.0, 0.0, 0.0, 0.0, 0.0]",1.51046
./input/networks/large/Inflammatory Bowel Disease (IBD) Model_29513758.bnet,MMPs,[],NA,0.86704
./input/networks/large/Inflammatory Bowel Disease (IBD) Model_29513758.bnet,!MMPs,[],NA,0.90213
./input/networks/large/Inflammatory Bowel Disease (IBD) Model_29513758.bnet,IEC_MICA_Bupregulation,[],NA,0.88563
./input/networks/large/Inflammatory Bowel Disease (IBD) Model_29513758.bnet,!IEC_MICA_Bupregulation,[],NA,0.85983
./input/networks/large/Inflammatory Bowel Disease (IBD) Model_29513758.bnet,Th0,[],NA,0.90721
./input/networks/large/Inflammatory Bowel Disease (IBD) Model_29513758.bnet,!Th0,[],NA,0.88092
./input/networks/large/Inflammatory Bowel Disease (IBD) Model_29513758.bnet,Treg,[],NA,0.8615
./input/networks/large/Inflammatory Bowel Disease (IBD) Model_29513758.bnet,!Treg,[],NA,0.89307
./input/networks/large/Influenza A Virus Replication Cycle_23081726.bnet,M1_M1,[],NA,2.28756
./input/networks/large/Influenza A Virus Replication Cycle_23081726.bnet,!M1_M1,"[['!HA_cyto'], ['!mRNA_M1_cyto'], ['!PB1_PA_nuc'], ['Wortmannin'], ['RTK_Inhibitor'], ['Methyl_Beta_Cyclodextrin'], ['!HA_SialicAcid_Affinity'], ['Bisindolylmaleimide_I'], ['M2_inhibitor'], ['!Viral_Dose']]","[0.005, 0.009, 0.004, 0.0, 0.0, 0.0, 0.0, 0.0, 0.0, 0.0]",2.27818
./input/networks/large/Influenza A Virus Replication Cycle_23081726.bnet,Progeny_Virion,[['0']],NA,0.00889
./input/networks/large/Influenza A Virus Replication Cycle_23081726.bnet,!Progeny_Virion,[['1']],[0.0],0.00832
./input/networks/large/Influenza A Virus Replication Cycle_23081726.bnet,mRNA_PB2_cyto,[],NA,2.31729
./input/networks/large/Influenza A Virus Replication Cycle_23081726.bnet,!mRNA_PB2_cyto,"[['Wortmannin'], ['RTK_Inhibitor'], ['Methyl_Beta_Cyclodextrin'], ['!HA_SialicAcid_Affinity'], ['Bisindolylmaleimide_I'], ['M2_inhibitor'], ['!Viral_Dose']]","[0.0, 0.0, 0.0, 0.0, 0.0, 0.0, 0.0]",2.27981
./input/networks/large/Influenza A Virus Replication Cycle_23081726.bnet,pro_vRNP_PA_M1_cyto,[],NA,2.34924
./input/networks/large/Influenza A Virus Replication Cycle_23081726.bnet,!pro_vRNP_PA_M1_cyto,"[['!vRNA_PA'], ['!mRNA_NA_nuc'], ['mRNA_NA_nuc'], ['!IVA_SialicAcid_CCV'], ['NS2_cyto'], ['!cRNP_HA'], ['cRNP_PB2'], ['!temp_vRNP_NA_nuc'], ['!mRNA_HA_nuc'], ['!mRNA_PB1_nuc'], ['mRNA_PB1_nuc'], ['Raf'], ['cRNA_NP'], ['pro_vRNP_PB1_M1_cyto'], ['PB1_cyto'], ['temp_vRNP_HA_nuc'], ['!pro_vRNP_HA_M1_cyto'], ['NA_cyto'], ['vRNA_HA_M1'], ['mRNA_HA_cyto'], ['cRNA_M'], ['!vRNA_HA'], ['pro_vRNP_PB2_M1_nuc'], ['!mRNA_PB2_nuc'], ['!HA_cyto'], ['HA_cyto'], ['!NP_cyto'], ['!PB1_PA_cyto'], ['cRNA_NS'], ['!par_vRNP_PA_cyto'], ['par_vRNP_PA_cyto'], ['!vRNA_PB2'], ['!cRNA_PA'], ['cRNA_PA'], ['!Infected'], ['Infected'], ['!vRNA_NP_M1'], ['pro_vRNP_NP_M1_cyto'], ['!mRNA_M2_cyto'], ['mRNA_M2_cyto'], ['!mRNA_M1_cyto'], ['!mRNA_PA_cyto'], ['cRNP_NA'], ['!mRNA_NS2_nuc'], ['!vRNA_NS'], ['vRNA_NA'], ['pro_vRNP_NA_M1_nuc'], ['pro_vRNP_NP_M1_nuc'], ['!PB1_PA_nuc'], ['cRNP_PA'], ['!par_vRNP_HA_cyto'], ['par_vRNP_HA_cyto'], ['!pro_vRNP_PB1_M1_nuc'], ['pro_vRNP_PB1_M1_nuc'], ['M1_M1'], ['mRNA_NP_nuc'], ['IVA_SialicAcid'], ['HA_LipidRafts'], ['PKC'], ['!IVA_LE'], ['cRNP_M'], ['!mRNA_PB1_cyto'], ['mRNA_PB1_cyto'], ['!cRNA_PB1'], ['cRNA_PB1'], ['par_vRNP_M_cyto'], ['!vRNA_PA_M1'], ['!NP_nuc'], ['NP_nuc'], ['vRNA_M_M1'], ['!IVA_HA1_HA2'], ['!vRNA_M'], ['!mRNA_NS2_cyto'], ['IVA_EE'], ['vRNA_PB1'], ['pro_vRNP_PA_M1_cyto'], ['!temp_vRNP_PB2_nuc'], ['!PB2_nuc'], ['PB2_nuc'], ['Wortmannin'], ['PB1_Inhibitor'], ['U0126'], ['!RTK_Inhibitor'], ['RTK_Inhibitor'], ['Methyl_Beta_Cyclodextrin'], ['!PB1_PA_Interface_Inhibitor'], ['PB1_PA_Interface_Inhibitor'], ['!Neuraminidase_inhibitor'], ['Neuraminidase_inhibitor'], ['!HA_SialicAcid_Affinity'], ['Bisindolylmaleimide_I'], ['M2_inhibitor'], ['!Viral_Dose']]","[0.0005, 0.0005, 0.0, 0.0005, 0.0005, 0.0005, 0.001, 0.001, 0.0, 0.0005, 0.0015, 0.0005, 0.001, 0.001, 0.0005, 0.0005, 0.0, 0.0015, 0.001, 0.0005, 0.0005, 0.0, 0.0, 0.0, 0.0, 0.0005, 0.0, 0.0, 0.0, 0.0, 0.0, 0.0005, 0.0, 0.0005, 0.0, 0.0, 0.0005, 0.0005, 0.0005, 0.0, 0.0015, 0.0, 0.0005, 0.0005, 0.0005, 0.0, 0.0005, 0.0005, 0.001, 0.0005, 0.0, 0.001, 0.0, 0.0, 0.0, 0.0015, 0.0, 0.0, 0.0, 0.0015, 0.0, 0.0, 0.001, 0.0005, 0.001, 0.0, 0.001, 0.0005, 0.001, 0.0, 0.0005, 0.0, 0.001, 0.0, 0.001, 0.0, 0.001, 0.0005, 0.0, 0.0, 0.0, 0.0, 0.0025, 0.0, 0.0, 0.001, 0.0, 0.0, 0.0005, 0.0, 0.0, 0.0, 0.0]",2.3015
./input/networks/large/Lymphoid and myeloid cell specification and transdifferentiation_28584084.bnet,Foxo1_gene,[],NA,0.65551
./input/networks/large/Lymphoid and myeloid cell specification and transdifferentiation_28584084.bnet,!Foxo1_gene,[['Csf1']],[0.0],0.59878
./input/networks/large/Lymphoid and myeloid cell specification and transdifferentiation_28584084.bnet,IL7r_activated,[],NA,0.62251
./input/networks/large/Lymphoid and myeloid cell specification and transdifferentiation_28584084.bnet,!IL7r_activated,"[['!IL7'], ['Csf1']]","[0.0, 0.0]",0.56655
./input/networks/large/Lymphoid and myeloid cell specification and transdifferentiation_28584084.bnet,Mac1,[],NA,0.60672
./input/networks/large/Lymphoid and myeloid cell specification and transdifferentiation_28584084.bnet,!Mac1,[['Csf1']],[0.0],0.56878
./input/networks/large/Lymphoid and myeloid cell specification and transdifferentiation_28584084.bnet,Flt3,[],NA,0.60595
./input/networks/large/Lymphoid and myeloid cell specification and transdifferentiation_28584084.bnet,!Flt3,[['Csf1']],[0.0],0.56531
./input/networks/large/Lymphopoiesis Regulatory Network_26408858.bnet,ERK,"[['BCR'], ['Hoxa9'], ['Flt3L']]","[0.0, 0.0, 0.0]",1.40077
./input/networks/large/Lymphopoiesis Regulatory Network_26408858.bnet,!ERK,[],NA,1.40987
./input/networks/large/Lymphopoiesis Regulatory Network_26408858.bnet,Bcl2,[],NA,1.40377
./input/networks/large/Lymphopoiesis Regulatory Network_26408858.bnet,!Bcl2,[['IFNb']],[0.0],1.43334
./input/networks/large/Lymphopoiesis Regulatory Network_26408858.bnet,Bcl11b,[['Dll1']],[0.0],1.43154
./input/networks/large/Lymphopoiesis Regulatory Network_26408858.bnet,!Bcl11b,[['!Dll1']],[0.0],1.43628
./input/networks/large/Lymphopoiesis Regulatory Network_26408858.bnet,Gzmb,[],NA,1.47807
./input/networks/large/Lymphopoiesis Regulatory Network_26408858.bnet,!Gzmb,[['1']],[0.0],0.00827
./input/networks/large/MAPK Cancer Cell Fate Network_24250280.bnet,Apoptosis,[],NA,0.96876
./input/networks/large/MAPK Cancer Cell Fate Network_24250280.bnet,!Apoptosis,[['!DNA_damage']],[0.0],0.98018
./input/networks/large/MAPK Cancer Cell Fate Network_24250280.bnet,Growth_Arrest,[],NA,0.97058
./input/networks/large/MAPK Cancer Cell Fate Network_24250280.bnet,!Growth_Arrest,[],NA,0.91881
./input/networks/large/MAPK Cancer Cell Fate Network_24250280.bnet,Proliferation,[],NA,0.95615
./input/networks/large/MAPK Cancer Cell Fate Network_24250280.bnet,!Proliferation,"[['EGFR_stimulus'], ['TGFBR_stimulus']]","[0.0, 0.0]",0.92059
./input/networks/large/MAPK Cancer Cell Fate Network_24250280.bnet,p14,[],NA,0.91993
./input/networks/large/MAPK Cancer Cell Fate Network_24250280.bnet,!p14,[],NA,0.93728
./input/networks/large/Oxidative Stress Pathway_23134720.bnet,Bcl2,[],NA,0.3443
./input/networks/large/Oxidative Stress Pathway_23134720.bnet,!Bcl2,[['!Stress']],[0.0],0.31606
./input/networks/large/Oxidative Stress Pathway_23134720.bnet,Mdm2,[],NA,0.35036
./input/networks/large/Oxidative Stress Pathway_23134720.bnet,!Mdm2,[['!Stress']],[0.0],0.33494
./input/networks/large/Oxidative Stress Pathway_23134720.bnet,ARE,[],NA,0.33329
./input/networks/large/Oxidative Stress Pathway_23134720.bnet,!ARE,[['!Stress']],[0.0],0.31436
./input/networks/large/Oxidative Stress Pathway_23134720.bnet,p53,[],NA,0.34236
./input/networks/large/Oxidative Stress Pathway_23134720.bnet,!p53,[['!Stress']],[0.0],0.33865
./input/networks/large/PC12 Cell Differentiation_27148350.bnet,Maff,[['1']],[0.0],0.00827
./input/networks/large/PC12 Cell Differentiation_27148350.bnet,!Maff,[['0']],NA,0.00802
./input/networks/large/PC12 Cell Differentiation_27148350.bnet,SRF,[['1']],[0.0],0.00914
./input/networks/large/PC12 Cell Differentiation_27148350.bnet,!SRF,[['0']],NA,0.00829
./input/networks/large/PC12 Cell Differentiation_27148350.bnet,MYC,[['1']],[0.0],0.00859
./input/networks/large/PC12 Cell Differentiation_27148350.bnet,!MYC,[['0']],NA,0.00849
./input/networks/large/PC12 Cell Differentiation_27148350.bnet,ZFP36,[['1']],[0.0],0.00848
./input/networks/large/PC12 Cell Differentiation_27148350.bnet,!ZFP36,[['0']],NA,0.00807
./input/networks/large/Pro-inflammatory Tumor Microenvironment in Acute Lymphoblastic Leukemia_27594840.bnet,FoxO3a_M,[['0']],NA,0.00875
./input/networks/large/Pro-inflammatory Tumor Microenvironment in Acute Lymphoblastic Leukemia_27594840.bnet,!FoxO3a_M,[['1']],[0.0],0.0086
./input/networks/large/Pro-inflammatory Tumor Microenvironment in Acute Lymphoblastic Leukemia_27594840.bnet,PI3KAkt_H,[['lTLR']],[0.0],0.50517
./input/networks/large/Pro-inflammatory Tumor Microenvironment in Acute Lymphoblastic Leukemia_27594840.bnet,!PI3KAkt_H,[],NA,0.50719
./input/networks/large/Pro-inflammatory Tumor Microenvironment in Acute Lymphoblastic Leukemia_27594840.bnet,ROS_M,[['0']],NA,0.00851
./input/networks/large/Pro-inflammatory Tumor Microenvironment in Acute Lymphoblastic Leukemia_27594840.bnet,!ROS_M,[['1']],[0.0],0.01074
./input/networks/large/Pro-inflammatory Tumor Microenvironment in Acute Lymphoblastic Leukemia_27594840.bnet,NfkB_M,[['lTLR']],[0.0],0.49615
./input/networks/large/Pro-inflammatory Tumor Microenvironment in Acute Lymphoblastic Leukemia_27594840.bnet,!NfkB_M,[],NA,0.45741
./input/networks/large/Senescence Associated Secretory Phenotype_29206223.bnet,IL6R,[['DNAD']],[0.0],0.93707
./input/networks/large/Senescence Associated Secretory Phenotype_29206223.bnet,!IL6R,[],NA,0.88722
./input/networks/large/Senescence Associated Secretory Phenotype_29206223.bnet,Elk1,[['DNAD']],[0.0],0.96815
./input/networks/large/Senescence Associated Secretory Phenotype_29206223.bnet,!Elk1,[],NA,0.89676
./input/networks/large/Senescence Associated Secretory Phenotype_29206223.bnet,Oncogene,[['DNAD']],[0.0],0.90224
./input/networks/large/Senescence Associated Secretory Phenotype_29206223.bnet,!Oncogene,[],NA,0.98555
./input/networks/large/Senescence Associated Secretory Phenotype_29206223.bnet,p16INK4,[['DNAD']],[0.0],0.89396
./input/networks/large/Senescence Associated Secretory Phenotype_29206223.bnet,!p16INK4,[],NA,1.00161
./input/networks/large/Septation Initiation Network_26244885.bnet,SIP,[],NA,0.58462
./input/networks/large/Septation Initiation Network_26244885.bnet,!SIP,[['!cdk_H']],[0.0],0.57694
./input/networks/large/Septation Initiation Network_26244885.bnet,flp1,[],NA,1.62523
./input/networks/large/Septation Initiation Network_26244885.bnet,!flp1,[['cdk_H']],[0.0],1.61839
./input/networks/large/Septation Initiation Network_26244885.bnet,sid2,[],NA,1.59572
./input/networks/large/Septation Initiation Network_26244885.bnet,!sid2,[],NA,1.62055
./input/networks/large/Septation Initiation Network_26244885.bnet,nak1,[],NA,1.6306
./input/networks/large/Septation Initiation Network_26244885.bnet,!nak1,[],NA,1.59064
./input/networks/large/Signaling in Macrophage Activation_18433497.bnet,G1P3gene,"[['IRF1_IRF1_Activator'], ['IRF2_Activator']]","[0.0, 0.0]",15.43254
./input/networks/large/Signaling in Macrophage Activation_18433497.bnet,!G1P3gene,[],NA,15.63406
./input/networks/large/Signaling in Macrophage Activation_18433497.bnet,GBP1gene,"[['IRF1_IRF1_Activator'], ['IRF2_Activator']]","[0.0, 0.0]",16.91889
./input/networks/large/Signaling in Macrophage Activation_18433497.bnet,!GBP1gene,[],NA,17.21833
./input/networks/large/Signaling in Macrophage Activation_18433497.bnet,SOCS1,[['External_Activator']],[0.0],17.54788
./input/networks/large/Signaling in Macrophage Activation_18433497.bnet,!SOCS1,[['!External_Activator']],[0.0],17.23184
./input/networks/large/Signaling in Macrophage Activation_18433497.bnet,PSMB9gene,"[['IRF1_IRF1_Activator'], ['IRF2_Activator']]","[0.0, 0.0]",17.76485
./input/networks/large/Signaling in Macrophage Activation_18433497.bnet,!PSMB9gene,[],NA,17.89157
./input/networks/large/Stomatal Opening Model_27542373.bnet,MCPS,[],NA,2.79798
./input/networks/large/Stomatal Opening Model_27542373.bnet,!MCPS,[['!CO2']],[0.0],2.71488
./input/networks/large/Stomatal Opening Model_27542373.bnet,carbfix,[],NA,2.58022
./input/networks/large/Stomatal Opening Model_27542373.bnet,!carbfix,[['!CO2']],[0.0],2.67933
./input/networks/large/Stomatal Opening Model_27542373.bnet,SO_1,[],NA,2.69083
./input/networks/large/Stomatal Opening Model_27542373.bnet,!SO_1,[],NA,2.66797
./input/networks/large/Stomatal Opening Model_27542373.bnet,SO_2,[],NA,2.65331
./input/networks/large/Stomatal Opening Model_27542373.bnet,!SO_2,"[['!BL'], ['!CO2'], ['ABA'], ['!RL'], ['CO2_high']]","[0.0, 0.0, 0.0, 0.0, 0.0]",2.69274
./input/networks/large/T Cell Receptor Signaling_17722974.bnet,shp2,[],NA,5.08659
./input/networks/large/T Cell Receptor Signaling_17722974.bnet,!shp2,"[['!tcrlig'], ['unknown_input'], ['!lckr_input']]","[0.0, 0.0, 0.0]",5.10961
./input/networks/large/T Cell Receptor Signaling_17722974.bnet,p21c,"[['!cd28'], ['unknown_input2']]","[0.0, 0.0]",5.11276
./input/networks/large/T Cell Receptor Signaling_17722974.bnet,!p21c,[],NA,5.14956
./input/networks/large/T Cell Receptor Signaling_17722974.bnet,fkhr,"[['!cd28'], ['unknown_input2']]","[0.0, 0.0]",5.11111
./input/networks/large/T Cell Receptor Signaling_17722974.bnet,!fkhr,[],NA,3.03326
./input/networks/large/T Cell Receptor Signaling_17722974.bnet,Dummy,[['0']],NA,0.02462
./input/networks/large/T Cell Receptor Signaling_17722974.bnet,!Dummy,[['1']],[0.0],0.00963
./input/networks/large/T-LGL Survival Network 2011_22102804.bnet,Cytoskeleton_signaling,[],NA,2.49784
./input/networks/large/T-LGL Survival Network 2011_22102804.bnet,!Cytoskeleton_signaling,"[['FasT'], ['DISC'], ['LCK'], ['!S1P'], ['S1P'], ['Apoptosis'], ['!SPHK1'], ['SPHK1'], ['!PDGFR'], ['PDGFR'], ['!Proliferation'], ['Proliferation'], ['Ceramide'], ['!BclxL'], ['!RANTES'], ['!PLCG1'], ['PLCG1'], ['!GZMB'], ['GZMB'], ['IAP'], ['!IL2RAT'], ['SMAD'], ['!FasL'], ['FasL'], ['!FYN'], ['FYN'], ['Caspase'], ['!GPCR'], ['GRB2'], ['CREB'], ['!MEK'], ['MEK'], ['!P27'], ['IFNG'], ['!ZAP70'], ['!NFKB'], ['NFKB'], ['!FLIP'], ['FLIP'], ['!IL2RA'], ['!STAT3'], ['!TNF'], ['TNF'], ['!TRADD'], ['BID'], ['MCL1'], ['NFAT'], ['!IL2'], ['!TBET'], ['CTLA4'], ['TCR'], ['CD45'], ['!IL15'], ['!PDGF'], ['PDGF'], ['!Stimuli'], ['!Stimuli2']]","[0.0, 0.0, 0.0, 0.001, 0.0015, 0.0, 0.0, 0.001, 0.0, 0.001, 0.0, 0.001, 0.001, 0.0, 0.004, 0.0, 0.001, 0.004, 0.001, 0.001, 0.0, 0.003, 0.001, 0.001, 0.001, 0.001, 0.0, 0.004, 0.001, 0.0, 0.0, 0.0, 0.002, 0.003, 0.001, 0.002, 0.002, 0.0, 0.002, 0.002, 0.0, 0.003, 0.0, 0.0, 0.0, 0.002, 0.0, 0.001, 0.001, 0.0, 0.0025, 0.0, 0.0, 0.003, 0.001, 0.0, 0.001]",1.74687
./input/networks/large/T-LGL Survival Network 2011_22102804.bnet,Proliferation,[['0']],NA,0.02739
./input/networks/large/T-LGL Survival Network 2011_22102804.bnet,!Proliferation,[['1']],[0.0],0.03022
./input/networks/large/T-LGL Survival Network 2011_22102804.bnet,IL2RBT,[['0']],NA,0.01218
./input/networks/large/T-LGL Survival Network 2011_22102804.bnet,!IL2RBT,"[['FasT'], ['DISC'], ['!LCK'], ['Apoptosis'], ['!SPHK1'], ['PDGFR'], ['!IL2RB'], ['!RAS'], ['RAS'], ['SOCS'], ['Ceramide'], ['!IFNGT'], ['!RANTES'], ['RANTES'], ['GZMB'], ['!sFas'], ['sFas'], ['!IAP'], ['Cytoskeleton_signaling'], ['!JAK'], ['JAK'], ['!SMAD'], ['SMAD'], ['!FasL'], ['FasL'], ['Caspase'], ['GPCR'], ['GRB2'], ['!MEK'], ['!IFNG'], ['IFNG'], ['NFKB'], ['!FLIP'], ['FLIP'], ['!IL2RA'], ['!STAT3'], ['STAT3'], ['!TNF'], ['Fas'], ['!TPL2'], ['!PI3K'], ['!P2'], ['P2'], ['!TRADD'], ['TRADD'], ['BID'], ['MCL1'], ['ERK'], ['!A20'], ['!TCR'], ['CD45'], ['!IL15'], ['PDGF'], ['!Stimuli'], ['Stimuli2']]","[0.0, 0.0, 0.002, 0.0, 0.0, 0.0, 0.0, 0.0, 0.001, 0.0, 0.0, 0.0, 0.003, 0.002, 0.001, 0.0, 0.0, 0.0, 0.001, 0.0, 0.003, 0.0, 0.0, 0.001, 0.0, 0.0, 0.0, 0.0, 0.0, 0.0, 0.0, 0.001, 0.001, 0.001, 0.002, 0.001, 0.001, 0.001, 0.0, 0.002, 0.0, 0.001, 0.001, 0.001, 0.001, 0.0, 0.003, 0.001, 0.0, 0.0, 0.0, 0.0, 0.0, 0.0, 0.0]",1.85693
./input/networks/large/T-LGL Survival Network 2011_22102804.bnet,RAS,[],NA,1.15131
./input/networks/large/T-LGL Survival Network 2011_22102804.bnet,!RAS,"[['!FasT'], ['DISC'], ['!LCK'], ['!S1P'], ['S1P'], ['Apoptosis'], ['SPHK1'], ['!PDGFR'], ['!Proliferation'], ['Proliferation'], ['IL2RB'], ['!RAS'], ['!SOCS'], ['RANTES'], ['!IL2RBT'], ['IL2RBT'], ['!IAP'], ['IAP'], ['!Cytoskeleton_signaling'], ['Cytoskeleton_signaling'], ['!SMAD'], ['!FasL'], ['FasL'], ['FYN'], ['Caspase'], ['!GRB2'], ['CREB'], ['!MEK'], ['!P27'], ['!IFNG'], ['IFNG'], ['!ZAP70'], ['!IL2RA'], ['IL2RA'], ['!STAT3'], ['STAT3'], ['!Fas'], ['Fas'], ['PI3K'], ['!TRADD'], ['TRADD'], ['MCL1'], ['!NFAT'], ['!IL2'], ['TBET'], ['!A20'], ['!CTLA4'], ['CTLA4'], ['CD45'], ['!IL15'], ['!PDGF'], ['PDGF'], ['!TAX'], ['!Stimuli2']]","[0.001, 0.0, 0.001, 0.001, 0.002, 0.0, 0.001, 0.0, 0.0, 0.001, 0.0, 0.002, 0.001, 0.002, 0.0, 0.002, 0.004, 0.0, 0.001, 0.002, 0.001, 0.003, 0.0, 0.001, 0.0, 0.0, 0.001, 0.0, 0.001, 0.0, 0.001, 0.0, 0.001, 0.001, 0.0, 0.001, 0.002, 0.0, 0.002, 0.0, 0.0, 0.0, 0.002, 0.002, 0.002, 0.0, 0.002, 0.001, 0.002, 0.0, 0.001, 0.002, 0.0, 0.002]",1.14029
./input/networks/large/Tumour Cell Invasion and Migration_26528548.bnet,Metastasis,[],NA,0.95096
./input/networks/large/Tumour Cell Invasion and Migration_26528548.bnet,!Metastasis,[['!ECM']],[0.0],0.65632
./input/networks/large/Tumour Cell Invasion and Migration_26528548.bnet,Apoptosis,[],NA,0.60397
./input/networks/large/Tumour Cell Invasion and Migration_26528548.bnet,!Apoptosis,[['!DNAdamage']],[0.0],0.70757
./input/networks/large/Tumour Cell Invasion and Migration_26528548.bnet,CellCycleArrest,[],NA,1.6695
./input/networks/large/Tumour Cell Invasion and Migration_26528548.bnet,!CellCycleArrest,[],NA,1.62405
./input/networks/large/Tumour Cell Invasion and Migration_26528548.bnet,CDH2,[],NA,1.60528
./input/networks/large/Tumour Cell Invasion and Migration_26528548.bnet,!CDH2,[],NA,1.59946
